<?xml version="1.0" encoding="UTF-8"?>
<project-private xmlns="http://www.netbeans.org/ns/project-private/1">
    <editor-bookmarks xmlns="http://www.netbeans.org/ns/editor-bookmarks/2" lastBookmarkId="1">
        <file>
            <url>src/finalyearproject/CodeGen.java</url>
            <bookmark id="1">
                <name/>
                <line>91</line>
                <key/>
            </bookmark>
        </file>
    </editor-bookmarks>
    <open-files xmlns="http://www.netbeans.org/ns/projectui-open-files/2">
        <group>
            <file>file:/C:/Users/Sahil/Documents/NetBeansProjects/FinalYearProject%205-4-2016/src/finalyearproject/FXMLDocumentController.java</file>
            <file>file:/C:/Users/Sahil/Documents/NetBeansProjects/FinalYearProject%205-4-2016/src/finalyearproject/FinalYearProject.java</file>
            <file>file:/C:/Users/Sahil/Documents/NetBeansProjects/FinalYearProject%205-4-2016/src/finalyearproject/JavaFXApplication.java</file>
            <file>file:/C:/Users/Sahil/Documents/NetBeansProjects/FinalYearProject%205-4-2016/src/finalyearproject/Tagger.java</file>
            <file>file:/C:/Users/Sahil/Documents/NetBeansProjects/FinalYearProject%205-4-2016/src/finalyearproject/Draw.java</file>
            <file>file:/C:/Users/Sahil/Documents/NetBeansProjects/FinalYearProject%205-4-2016/src/finalyearproject/Update.java</file>
        </group>
    </open-files>
</project-private>
